source_url_processed,f0,f1,fact,bias
villagevoice.com,1,0,2,5
insideclimatenews.org,0,1,2,4
fury.news,1,0,0,0
now8news.com,0,1,0,3
constitution.com,0,1,0,0
oceana.org,0,1,2,3
haaretz.com,1,0,2,4
justsecurity.org,1,0,2,3
freebeacon.com,1,0,1,1
brexitcentral.com,0,1,1,1
foreignpolicynews.org,1,0,1,5
patriotpost.us,1,0,1,1
congress.gov,1,0,2,3
thetyee.ca,1,0,2,4
loser.com,0,0,0,6
queerty.com,1,0,2,5
empiresports.co,0,1,0,3
emirates247.com,1,0,2,4
samuel-warde.com,1,0,1,5
trueactivist.com,1,0,0,6
popularresistance.org,1,0,1,5
fivethirtyeight.com,1,0,2,4
leftvoice.org,1,0,2,5
thebeaverton.com,1,0,0,3
nationalreport.net,1,0,0,3
itep.org,1,0,2,4
ajc.com,1,0,2,4
abc11.com,1,0,2,4
politicalmayhem.news,0,0,0,0
itv.com-news,1,0,2,2
breitbart.com,1,0,1,1
thebulletin.org,1,0,2,3
forwardprogressives.com,1,0,2,5
triggerreset.net,0,1,0,0
theatlantic.com,1,0,2,4
dcclothesline.com,1,0,0,0
santafenewmexican.com,1,0,2,4
liberaldarkness.com,0,1,0,3
leftoverrights.com,0,1,1,5
cp24.com,1,0,2,3
inthesetimes.com,1,0,2,5
tampabay.com,1,0,2,4
france24-tv.com,0,1,0,0
freewestmedia.com,1,0,1,1
theguardiansofdemocracy.com,0,1,2,5
darientimes.com,1,0,2,4
conservativeoutfitters.com-blogs-news,0,0,1,1
republicworld.com,1,0,1,4
timesheadline.com,1,0,1,4
amazingnews.net,0,1,0,0
redstatedisaster.com,0,0,2,5
thestar.com,0,1,2,4
smh.com.au,1,0,2,4
aceflashman.wordpress.com,0,0,0,3
hoax-slayer.com,0,1,2,3
home.nra.org,0,1,1,1
americanbridgepac.org,1,0,1,5
orlandosentinel.com,1,0,2,2
voanews.com,0,0,2,3
dailyclimate.org,1,0,2,4
newsandstoriesfromusa.com,0,1,0,0
tbo.com,1,0,2,2
fraserinstitute.org,1,0,2,2
thesmokinggun.com,1,0,2,2
offendedamerica.com,0,1,1,1
calgarysun.com,1,0,2,2
southafricatoday.net,1,0,0,1
capitolfax.com,1,0,2,3
blackpigeonspeaks.com,0,0,0,0
churchmilitant.com,0,1,1,1
liberalamerica.org,0,1,1,5
newscientist.com,1,0,2,3
nationinstitute.org,1,0,2,4
theskimm.com,0,1,2,3
iowastartingline.com,1,0,2,5
deepleftfield.info,0,1,1,5
burrardstreetjournal.com,1,0,0,3
who.int-en,0,1,2,3
kutv.com,1,0,2,2
propublica.org,1,0,2,4
yellowhammernews.com,1,0,2,1
news.groopspeak.com,0,1,1,5
fairvote.org,1,0,2,4
intellectualtakeout.org,1,0,1,1
lawnewz.com,0,0,2,4
conservativefighters.com,0,1,0,0
oilprice.com,0,0,2,2
the-american-interest.com,0,1,2,2
illinoispolicy.org,1,0,2,1
washingtonpost.com,0,1,2,4
delawareonline.com,1,0,2,4
gawken.com,0,1,0,3
bigleaguepolitics.com,1,0,1,1
azcentral.com,1,0,2,2
leftsideofhistory.com,0,1,1,5
nationalobserver.com,1,0,2,4
reagancoalition.com,0,1,0,0
stratfor.com,1,0,2,3
monthlyreview.org,1,0,2,4
newswars.com,0,1,0,0
indystar.com,1,0,2,4
progressive.org,1,0,2,5
oathkeepers.org,1,0,0,0
realcleardefense.com,1,0,2,2
berkeleyside.com,1,0,2,4
anthropocenemagazine.org,1,0,2,3
atlbanana.com,0,0,0,3
theroot.com,1,0,2,5
salon.com,0,1,2,5
daltondailycitizen.com,0,1,2,2
ydr.com,1,0,2,4
bluestemprairie.com,1,0,2,4
wilsoncenter.org,1,0,2,3
brokenworldnews.com,1,0,0,3
atimes.com,1,0,2,3
patriotfires.com,0,1,0,0
airspacemag.com,1,0,2,3
allgov.com,1,0,2,3
thegoldwater.com,1,0,0,0
lynx.media,0,0,1,2
resistancereport.com,0,1,0,6
unicornriot.ninja,1,0,2,4
democraticreview.com,0,1,0,6
taskandpurpose.com,1,0,2,3
zdf.de,1,0,2,3
medicaldaily.com,1,0,2,3
americannewsx.com,1,0,1,5
ibtimes.com,1,0,1,4
gq.com,1,0,2,5
japantimes.co.jp,1,0,2,3
theguardian.com-us,1,0,2,4
chicksontheright.com,0,1,1,1
seeker.com,0,0,2,3
foreignpolicyjournal.com,1,0,2,5
quantamagazine.org,1,0,2,3
democratandchronicle.com,1,0,2,4
buzzfeed.com,1,0,1,4
harvardpolitics.com,0,1,2,3
newsuptoday.com,0,1,0,0
nrdc.org,1,0,2,4
sciencetrends.com,1,0,2,3
viralcords.com,0,0,0,3
africanews.com,1,0,2,3
climatecentral.org,1,0,2,3
siouxcityjournal.com,1,0,2,3
startribune.com,1,0,2,4
commentarymagazine.com,1,0,2,1
themaven.net-beingliberal,0,1,1,5
merionwest.com,1,0,2,3
cpj.org,1,0,2,3
adelaidenow.com.au,1,0,1,1
redpepper.org.uk,0,1,2,5
worldsocialism.org-spgb,1,0,2,5
examine.com,1,0,2,3
freespeech.org,1,0,2,5
epi.org,1,0,2,4
atlanticmedia.com,1,0,2,4
citizencritics.org,0,0,2,5
thestranger.com,1,0,2,4
bangkokpost.com,1,0,2,3
fpif.org,1,0,2,4
bigamericannews.com,0,1,0,3
psypost.org,1,0,2,3
tharawat-magazine.com-#gs.a9CcWpc,0,1,2,2
daily.jstor.org,1,0,2,3
beliefnet.com,1,0,1,1
outsidethebeltway.com,1,0,2,4
placesjournal.org,1,0,2,3
swarajyamag.com,1,0,2,2
politicalgarbagechute.com,0,1,0,3
rewire.news,1,0,2,5
defconwarningsystem.com,1,0,2,3
pnas.org,1,0,2,3
quillette.com,1,0,2,2
truthexaminer.com,0,1,0,6
aljazeera.com,1,0,2,4
milo.yiannopoulos.net,0,0,0,0
magicvalley.com,1,0,2,3
msn.com,1,0,2,4
nationmaster.com,1,0,2,3
mentaldaily.com,1,0,2,3
skeptic.com,0,1,2,3
panampost.com,1,0,2,4
marketwatch.com,1,0,2,3
novinite.com,0,1,2,3
liberationnews.org,0,1,2,5
abriluno.com,0,0,0,3
detroitnews.com,1,0,2,2
thechronicleherald.ca,1,0,1,2
pinknews.co.uk,1,0,2,5
theduran.com,1,0,0,0
teaparty.org,0,1,0,0
frc.org,0,1,0,0
stocksnewsdaily.com,0,1,1,4
theoutline.com,1,0,2,5
retractionwatch.com,1,0,2,3
uawire.org,1,0,1,4
photographyisnotacrime.com,0,1,2,5
babylonbee.com,1,0,0,3
deadline.com,1,0,2,4
polygraph.info,1,0,2,3
conservativebyte.com,0,1,0,0
ntd.tv,1,0,2,2
fas.org,1,0,2,3
guttmacher.org,1,0,2,4
al-monitor.com-pulse-home.html,1,0,2,4
secondnexus.com,1,0,1,4
nwitimes.com,1,0,2,3
morningstaronline.co.uk,1,0,2,5
climaterealityproject.org,1,0,2,5
theproudliberal.org,0,0,0,6
nccivitas.org,1,0,1,1
vox.com,1,0,2,5
freedumjunkshun.com,0,1,0,3
aol.com,0,1,2,4
lgbtqnation.com,1,0,2,5
beaware.one,0,1,0,0
liberalsociety.com,0,0,0,6
mwcnews.net,0,0,2,4
taxpayer.com,1,0,2,2
santamariatimes.com,1,0,2,3
wilderness.org,1,0,2,4
jamestown.org,1,0,2,2
bluntforcetruth.com,1,0,0,0
independent.co.uk,1,0,2,4
desmogblog.com,0,1,2,5
niskanencenter.org,1,0,2,3
scientificamerican.com,1,0,2,3
greenleft.org.au,1,0,1,5
texasmonthly.com,1,0,2,4
pravdareport.com,1,0,1,5
hindustantimes.com,1,0,2,4
peninsuladailynews.com,1,0,2,2
mirror.co.uk,1,0,1,5
americablog.com,0,1,2,5
bb4sp.com,0,1,0,0
firstinfreedomdaily.com,1,0,1,1
fresnobee.com,1,0,2,4
bostonglobe.com,1,0,2,4
americanpatriotdaily.com,0,1,0,0
helsinkitimes.fi,1,0,2,4
shameproject.com,0,0,2,4
pri.org-programs-globalpost,0,1,2,4
tribunemagazine.org,1,0,2,5
dailywire.com,1,0,1,1
skepticalscience.com,1,0,2,3
todayifoundout.com,1,0,2,3
bismarcktribune.com,1,0,2,3
sbs.com.au,0,1,2,4
researchantisemitism.ca,0,1,0,0
occupydemocrats.com,0,1,0,6
vanityfair.com,1,0,2,5
eurasiareview.com,1,0,2,3
thedailyvox.co.za,1,0,2,5
newbernsj.com,1,0,2,3
verafiles.org,1,0,2,3
afa.net,1,0,0,0
freedomcrossroads.com,1,0,1,1
noozhawk.com,1,0,2,3
dailydems.com,0,1,1,5
crisismagazine.com,1,0,1,1
thenewsliteracyproject.org,0,1,2,3
wral.com,1,0,2,3
dieharddemocrat.com,1,0,2,5
thesternfacts.com,0,1,1,5
truthinmedia.com,0,1,0,0
kff.org,1,0,2,3
cosmosmagazine.com,1,0,2,3
rightwingnews.com,1,0,0,0
mediashift.org,1,0,2,3
thebalance.com,1,0,2,3
christianpost.com,1,0,1,1
pogo.org,1,0,2,3
africanarguments.org,1,0,2,4
newswithviews.com,1,0,0,0
metro.co.uk,1,0,2,4
knowyourmeme.com,1,0,2,3
mediamatters.org,1,0,2,5
crisisgroup.org,1,0,2,4
newsweek.com,1,0,2,4
climateactiontracker.org,0,1,2,3
thepublicdiscourse.com,0,1,0,0
ocregister.com,1,0,2,2
taxjustice.net,1,0,2,4
theguardian.com-observer,0,1,2,4
howstuffworks.com,1,0,2,3
dailyprogress.com,1,0,2,3
libcom.org,1,0,2,5
zeit.de,1,0,2,4
statesmanjournal.com,1,0,2,2
renewamerica.com,0,1,0,0
scienceblogs.com,1,0,2,3
eurasiagroup.net,1,0,2,3
shtfplan.com,0,1,0,0
sourcewatch.org-index.php-SourceWatch,1,0,2,5
weeklystandard.com,1,0,2,1
joeforamerica.com,1,0,0,0
greentechmedia.com,1,0,2,4
news.cgtn.com,0,1,2,3
opendemocracy.net,1,0,2,4
breakingdefense.com,1,0,2,2
mprnews.org,1,0,2,4
newsbreakshere.com,0,0,0,0
egyptianstreets.com,1,0,1,4
70news.wordpress.com,0,1,0,0
poynter.org,1,0,2,3
addictinginfo.org,0,1,1,5
surenews.com,0,1,0,0
janes.com,0,1,2,3
nova-magazine.net,0,0,1,5
thewest.com.au,1,0,2,2
usaconservativereport.com,0,1,0,0
express.co.uk,1,0,2,1
observatory.journalism.wisc.edu,0,1,2,3
postbulletin.com,1,0,2,2
oilandwaterdontmix.org,1,0,2,4
iwf.org,1,0,2,1
newmoderate.com,0,1,2,4
ips-dc.org,1,0,2,5
worldtribune.com,0,1,2,1
merryjane.com,1,0,2,5
heritage.org,1,0,1,1
desertsun.com,0,1,2,2
americanheritage.com,0,0,2,3
westmonster.com,1,0,2,2
fullfact.org,1,0,2,3
phnompenhpost.com,1,0,2,3
fair.org,1,0,2,4
mainebeacon.com,0,1,2,4
redice.tv,1,0,0,0
taiwannews.com.tw,1,0,2,3
timesofisrael.com,1,0,2,4
newsmax.com,1,0,1,1
rstreet.org,1,0,2,2
ft.com,1,0,2,3
singularityhub.com,1,0,2,3
agerpres.ro,1,0,2,3
thepostemail.com,1,0,1,1
swedishwire.com,0,1,2,3
contrailscience.com,0,1,2,3
globalriskinsights.com,1,0,2,4
diversityinc.com,0,1,2,4
pilotonline.com,1,0,2,4
nation.com.pk,1,0,2,2
daily-journal.com,1,0,2,3
ncpolicywatch.com,0,1,2,4
stopfake.org,1,0,2,4
almasdarnews.com,1,0,1,4
pgpf.org,1,0,2,3
realnewsrightnow.com,0,1,0,3
commoncause.org,1,0,2,4
theestablishment.co,1,0,2,5
progresstribune.com,0,1,0,6
rightweb.irc-online.org,1,0,2,4
rollingstone.com,1,0,2,4
daily49er.com,1,0,2,5
freepress.org,0,1,2,5
defenddemocracy.org,0,0,2,1
independent.org,0,1,2,2
fbherald.com,0,1,2,2
mlive.com-grand-rapids-#-0,0,1,2,2
providencejournal.com,0,1,2,4
jewishbreakingnews.com,1,0,1,2
realclimate.org,1,0,2,3
truth-out.org,0,1,1,5
ffrf.org,1,0,2,3
warontherocks.com,1,0,2,3
socialistworker.org,1,0,2,5
verifiedpolitics.com,0,1,2,5
vermontindependent.org,0,1,1,5
rapidcityjournal.com,1,0,2,3
maplight.org,1,0,2,3
deseretnews.com,1,0,2,2
hollywoodreporter.com,1,0,2,4
mic.com,1,0,2,4
theonion.com,1,0,0,3
demos.org,1,0,2,4
watchers.news,1,0,2,3
themarysue.com,1,0,2,5
ledevoir.com,1,0,2,3
auburnpub.com,1,0,2,3
quadrant.org.au,0,1,1,1
studentnewsdaily.com,0,1,2,2
csmonitor.com,1,0,2,3
patribotics.blog,1,0,0,1
mbganews.com,0,0,0,0
politifeed.net,0,1,1,1
bloomberg.com,1,0,2,4
itsgoingdown.org,0,0,1,5
republicanssucks.org,0,0,1,5
bipartisanpolicy.org,1,0,2,2
antifascistnews.net,0,1,2,5
reason.com,1,0,2,2
kentucky.com,0,1,2,4
dailysignal.com,1,0,1,1
courier-journal.com,1,0,2,4
vancouversun.com,1,0,2,4
timescolonist.com,1,0,2,4
techxplore.com,1,0,2,3
dailyrecord.com,1,0,2,3
vivaliberty.com,0,1,1,1
newsite.thehindu.com,0,1,2,4
scotusblog.com,1,0,2,3
consumerist.com,1,0,2,3
dailynews.com,1,0,2,2
edmontonjournal.com,1,0,2,4
hcn.org,1,0,2,4
icenews.is,0,1,2,4
680news.com,0,1,2,3
jezebel.com,1,0,1,5
takepart.com,0,0,2,5
abcnews.go.com,1,0,2,4
spectator.co.uk,0,1,2,2
americasquarterly.org,1,0,2,2
en.wikinews.org-wiki-Main_Page,1,0,2,3
nautil.us,1,0,2,3
nj.com-starledger,1,0,2,4
punchingbagpost.com,0,0,2,2
digitaljournal.com,1,0,2,3
triblive.com,0,1,2,2
crimeresearch.org,1,0,1,1
themonthly.com.au,1,0,2,4
theoslotimes.com,1,0,2,4
euronews.com,1,0,2,3
counterpunch.org,1,0,2,5
pennlive.com,1,0,2,4
toprightnews.com,1,0,0,0
newsobserver.com,1,0,2,4
altoday.com,0,1,2,3
humanprogress.org,1,0,1,2
conservativemedia.com,0,1,0,0
newsbiscuit.com,1,0,0,3
news24.com,1,0,2,3
chicagotribune.com,1,0,2,4
thelondoneconomic.com,1,0,1,5
ebar.com,1,0,2,5
toledoblade.com,0,1,2,2
consmovement.com,0,1,0,0
jta.org,1,0,2,3
youngcons.com,0,1,1,1
reverbpress.com,0,1,1,5
rooseveltinstitute.org,1,0,2,4
therebel.media,0,1,1,1
inquirer.net,1,0,2,4
thelapine.ca,1,0,0,3
newpol.org,0,1,2,5
voiceofsandiego.org,0,1,2,3
economist.com,1,0,2,3
newrepublic.com,1,0,2,5
lifesitenews.com,1,0,1,1
nextbigfuture.com,1,0,2,3
politifact.com,0,1,2,3
tennesseestar.com,0,0,2,1
pluralist.com,1,0,2,4
stuff.co.nz,1,0,2,4
backchannel.com,0,1,2,4
cincinnati.com,1,0,2,2
sbgi.net,0,1,1,1
thefloridasqueeze.com,1,0,1,5
earthsky.org,1,0,2,3
countercurrents.org,1,0,2,5
newmatilda.com,1,0,2,4
theverge.com,1,0,2,4
americanactionforum.org,1,0,2,2
loonwatch.com,1,0,0,6
dawn.com,0,1,2,4
everydayfeminism.com,1,0,2,5
weforum.org,0,1,2,3
thereligionofpeace.com,0,1,0,0
i24news.tv,1,0,2,3
voiceofeurope.com,0,0,0,0
aclu.org,1,0,2,4
thetandd.com,1,0,2,3
affinitymagazine.us,0,1,2,4
legalinsurrection.com,1,0,1,1
poststar.com,1,0,2,3
eff.org,1,0,2,4
nationalcenter.org,1,0,1,1
bluenationreview.com,0,1,1,5
newslookup.com,1,0,2,3
realclearpolitics.com,1,0,2,2
thebaffler.com,1,0,2,4
presstv.com,1,0,1,4
futurism.com,1,0,2,3
hoggwatch.com,0,1,0,0
newrevolutionnow.org,1,0,2,1
lethbridgeherald.com,1,0,2,4
valleynewslive.com,0,1,2,2
highline.huffingtonpost.com,0,1,2,4
crosscut.com,1,0,2,4
yesimright.com,0,0,0,0
vidmax.com,1,0,0,0
world.wng.org,1,0,1,1
thecipherbrief.com,1,0,2,3
emptywheel.net,1,0,2,4
codepink.org,1,0,1,5
leftscoop.com,0,1,1,5
freep.com,1,0,2,4
sltrib.com,1,0,2,4
securingdemocracy.gmfus.org,1,0,2,3
ipatriot.com,1,0,1,1
news-gazette.com,1,0,2,2
studionewsnetwork.com,0,1,0,1
mcall.com,1,0,2,3
conservativetribune.com,0,1,0,0
dailysabah.com,1,0,1,1
oneindia.com,1,0,1,4
newsthump.com,1,0,0,3
inews.co.uk,0,1,2,4
bullshitnews.org,0,1,0,3
atlantablackstar.com,1,0,2,4
ncse.com,1,0,2,3
disobedientmedia.com,1,0,2,1
renewedright.com,0,1,1,1
newsone.com,1,0,2,4
chron.com,1,0,2,4
imediaethics.org,1,0,2,3
transparency.org,1,0,2,3
adaa.org,1,0,2,3
alternet.org,1,0,1,5
puppetstringnews.com,0,0,0,0
limacharlienews.com,1,0,2,3
calwatchdog.com,1,0,2,4
sfchronicle.com,1,0,2,4
en.mercopress.com,1,0,2,3
realclearscience.com,1,0,2,3
israelnationalnews.com,1,0,2,2
mayoclinic.org,0,1,2,3
progressivestoday.com,0,0,0,0
projectcensored.org,1,0,2,5
billmoyers.com,1,0,2,4
pressdemocrat.com,1,0,2,4
fastcompany.com,1,0,2,4
dailysquib.co.uk,1,0,0,3
citypaper.com,1,0,1,5
mercurynews.com,1,0,2,4
jihadwatch.org,1,0,0,0
thepeoplestruth.com,0,0,0,0
caribbeanlifenews.com,1,0,2,4
sootoday.com,1,0,2,4
mexiconewsdaily.com,1,0,2,4
financialexpress.com,1,0,2,3
conservativedailypost.com,0,1,0,0
cosmopolitan.com,1,0,2,5
smirkingchimp.com,1,0,2,5
pacificresearch.org-home,0,1,2,2
truthbetold.news,0,1,2,3
thepeoplescube.com,1,0,0,3
cdt.org,1,0,2,3
patrioticviralnews.com,0,1,0,0
thenewcivilrightsmovement.com,1,0,1,5
bipartisanreport.com,0,1,0,6
viralthread.com,0,0,1,3
concernedwomen.org-blog,0,1,0,0
thehardtimes.net,1,0,0,3
trib.com,1,0,2,3
dailyjournalonline.com,1,0,2,3
ntknetwork.com,1,0,1,1
thatsnonsense.com,1,0,2,3
denverpost.com,1,0,2,4
telesurtv.net-english,1,0,1,5
metro.us,0,1,2,4
baxterbulletin.com,1,0,2,3
npr.org-sections-news,0,1,2,4
judicialnetwork.com,1,0,1,1
dailykos.com,0,1,1,5
speisa.com,1,0,0,0
montrealgazette.com,1,0,2,4
theconversation.com-us,1,0,2,3
thequint.com,1,0,1,2
outlook.monmouth.edu,0,1,2,3
aclj.org,1,0,1,1
elpais.com-elpais-inenglish.html,1,0,2,4
tytnetwork.com,0,1,2,5
geneticliteracyproject.org,1,0,2,3
albawaba.com,1,0,2,3
lawfareblog.com,1,0,2,4
nowthisnews.com,1,0,1,5
againstcronycapitalism.org,0,1,1,1
gotnews.com,0,1,0,0
other98.com,1,0,1,5
thinkprogress.org,1,0,1,5
post-gazette.com,1,0,2,4
personalliberty.com,1,0,0,0
foreignpolicyi.org,1,0,2,2
tomdispatch.com,1,0,2,4
bellingcat.com,1,0,2,3
gizmodo.com,1,0,2,5
star-telegram.com,1,0,2,2
arkansasonline.com,1,0,2,2
trumpservativenews.info,0,1,0,0
viraldevil.com,0,0,0,3
timesofsandiego.com,1,0,2,3
votevets.org,1,0,2,4
kansascity.com,1,0,2,4
bizpacreview.com,1,0,1,1
usatoday.com,1,0,2,3
thehornnews.com,1,0,0,0
colombiareports.com,0,1,1,4
focusonthefamily.com,1,0,0,0
hudson.org,1,0,2,1
realmofhistory.com,1,0,2,3
necn.com,1,0,2,4
heavy.com,0,1,2,4
rightalerts.com,0,1,0,0
positive.news,1,0,2,4
allthatsfab.com,1,0,1,5
globetoday.com,0,1,1,5
fortnightlyreview.co.uk,1,0,2,2
prospect.org,1,0,2,5
fairus.org,0,1,0,0
judicialwatch.org,1,0,1,1
soas.ac.uk,0,1,2,3
citizen.org,1,0,2,4
greensboro.com,1,0,2,4
sfgate.com,1,0,2,4
businessinsider.com,1,0,2,4
deepstatenation.com,0,1,1,5
ir.net,0,0,1,5
elitedaily.com,1,0,1,5
chroniclesofdemocracy.com,0,1,2,5
mtstandard.com,1,0,2,3
esquire.com,0,1,2,5
takimag.com,1,0,0,0
squawker.org,0,1,0,0
americanewshub.com,0,1,1,1
morningconsult.com,1,0,2,4
carbonated.tv,1,0,2,5
pmnightlynews.com,0,0,0,0
gopusa.com,0,0,1,1
staradvertiser.com,1,0,2,4
icij.org,1,0,2,3
9news.com.au,1,0,2,2
eppc.org,0,1,2,2
newint.org,1,0,2,5
newsrescue.com,1,0,2,2
inquisitr.com-news,0,1,1,4
nationalinterest.org,1,0,2,2
rte.ie,0,1,2,3
fwweekly.com,1,0,2,4
consumerreports.org,0,1,2,3
trueviralnews.com,0,1,2,3
politicalsitenews.com,0,1,0,0
nbcnews.com,1,0,2,4
cleantechnica.com,1,0,2,4
motherjones.com,1,0,2,5
dailymail.co.uk,1,0,1,1
techcrunch.com,1,0,2,4
recode.net,1,0,2,3
stepfeed.com,1,0,1,4
worldpoliticsreview.com,1,0,2,3
dutchdailynews.com,1,0,2,4
abqjournal.com,1,0,2,3
ecfr.eu,1,0,2,4
americamagazine.org,1,0,2,4
thefiscaltimes.com,1,0,2,2
scmp.com,0,1,2,3
conservativetoday.com,0,1,1,1
pri.org,1,0,2,4
syriana-analysis.com,1,0,1,5
jordantimes.com,1,0,2,3
opednews.com,1,0,1,5
wnyc.org,1,0,2,4
lohud.com,0,1,2,4
commdiginews.com,1,0,2,2
juancole.com,0,1,2,5
cato.org-regulation,0,1,1,2
spokesman.com,1,0,2,2
clickhole.com,1,0,0,3
grist.org,1,0,2,4
wnd.com,1,0,1,1
breitbartunmasked.com,1,0,1,5
theweek.com,1,0,2,4
geologyin.com,0,1,2,3
progressiveliberal.net,0,1,1,5
amren.com,0,0,0,0
act.tv,1,0,2,5
valuewalk.com,1,0,2,2
wionews.com,1,0,1,3
the-japan-news.com,1,0,2,2
baltimoresun.com,0,1,2,4
adflegal.org,1,0,0,0
guns.com,1,0,2,2
getreligion.org,1,0,1,1
webmd.com,0,1,2,3
chroniclesmagazine.org,1,0,1,1
aidc.org.za,0,1,2,5
alec.org,1,0,1,1
nzherald.co.nz,1,0,2,3
apmreports.org,1,0,2,4
thewalrus.ca,1,0,2,5
canadafreepress.com,1,0,1,1
rantt.com,1,0,2,5
americansforprosperity.org,1,0,1,1
medicalxpress.com,1,0,2,3
realclearreligion.org,1,0,2,2
jpost.com-Jerusalem-Report,0,0,2,4
courthousenews.com,1,0,2,3
chicagoreporter.com,1,0,2,4
aei.org,1,0,1,1
seattlepi.com,1,0,2,4
thehill.com,1,0,1,4
10news.one,0,1,0,0
tmn.today,1,0,0,0
international.thenewslens.com,1,0,2,2
71republic.com,1,0,2,2
mysanantonio.com,0,1,2,4
oaoa.com,1,0,2,2
littlegreenfootballs.com,1,0,1,5
attn.com,1,0,2,4
news.cn,1,0,2,3
acpeds.org,0,1,0,1
o4anews.com,0,1,0,0
jewishpolicycenter.org,1,0,2,1
sandiegouniontribune.com,1,0,2,2
mcclatchydc.com,1,0,2,3
thefederalist.com,1,0,2,1
dailyherald.com,0,1,2,2
euobserver.com,1,0,2,4
washingtontimes.com,1,0,2,2
therightstuff.biz,0,0,0,0
understandrealitythroughscience.blogspot.com,0,1,2,3
bridgemi.com,1,0,2,3
healthcarefinancenews.com,1,0,2,3
tribunist.com,0,1,1,1
edmontonsun.com,1,0,2,2
worldnewsdailyreport.com,0,1,0,3
economyincrisis.org,0,1,1,5
realtimepolitics.com,0,0,0,6
en-volve.com,1,0,0,0
timesofindia.indiatimes.com,1,0,2,3
memeorandum.com,1,0,1,3
dailypresser.com,0,1,0,0
indiatoday.intoday.in,0,1,2,3
fairobserver.com,1,0,2,3
japantoday.com,1,0,2,2
phys.org,1,0,2,3
thesaturdaypaper.com.au,1,0,2,4
hillarybeattrump.org,1,0,0,3
therightscoop.com,1,0,2,1
vdare.com,1,0,0,0
dailyworldinformation.com,0,1,0,0
thegrio.com,1,0,2,5
zmescience.com,1,0,2,3
freedomsfinalstand.com,0,1,0,0
au.org,0,1,2,5
hrw.org,1,0,2,4
fifthestate.org,0,1,2,5
stubhillnews.com,1,0,0,3
hurriyetdailynews.com,1,0,2,4
wired.com,1,0,2,4
timesunion.com,1,0,2,4
hpenews.com,1,0,2,2
exposinggovernment.com,0,1,0,0
sun-sentinel.com,1,0,2,2
harpers.org,1,0,2,4
tucson.com,1,0,2,4
castanet.net,1,0,2,3
londonwebnews.com,0,1,0,6
dailypress.com,0,1,2,2
standard.co.uk,1,0,2,2
pe.com,1,0,2,2
thewhim.com,0,0,2,3
newstatesman.com,1,0,2,5
policyed.org,0,1,2,2
inequalitymedia.org,1,0,2,5
wsj.com,1,0,2,2
ff.org,1,0,1,1
thetruthdivision.com,0,1,0,0
humanevents.com,1,0,1,1
newromantimes.com,0,1,0,3
gulfnews.com,1,0,2,2
budapestbeacon.com,1,0,2,4
libertyunyielding.com,1,0,1,1
mediaite.com,1,0,2,5
theglobeandmail.com,1,0,2,4
chinadaily.com.cn,0,1,2,3
migrationpolicy.org,1,0,2,4
governing.com,1,0,2,4
speakgov.com,0,0,0,0
business2community.com,1,0,2,3
thegazette.com,1,0,2,2
ladylibertysnews.com,0,1,0,0
nytimes.com,1,0,2,4
memepoliceman.com,0,0,2,3
foxnews.com,1,0,1,1
theconservativetreehouse.com,1,0,2,1
verywell.com,0,1,2,3
leftjustified.com,0,1,2,4
newsheist.com,1,0,1,2
sungazette.com,1,0,2,2
rabble.ca,1,0,2,5
euractiv.com,1,0,1,4
crooksandliars.com,1,0,1,5
leadstories.com,1,0,2,3
huffingtonpost.com,1,0,2,5
shareblue.com,1,0,1,5
vulture.com,1,0,2,4
deadspin.com,1,0,2,5
universitybusiness.com,1,0,2,4
conservativepost.com,0,0,0,0
clarionproject.org,1,0,0,0
napavalleyregister.com,1,0,2,3
heartland.org,0,1,1,1
csis.org,1,0,2,3
goodnewsnetwork.org,1,0,2,3
house.gov,0,1,2,3
sojo.net,0,1,2,4
callthecops.net,0,1,0,3
tallahassee.com,1,0,2,2
undark.org,1,0,2,3
truthuncensored.net,0,0,0,0
popularmechanics.com,1,0,2,3
capoliticalreview.com,1,0,2,2
truthdig.com,1,0,2,5
adobochronicles.com,1,0,0,3
timeslive.co.za,1,0,1,2
thehayride.com,1,0,2,1
toinformistoinfluence.com,0,1,2,4
urban.org,1,0,2,4
herald-review.com,1,0,2,3
glamour.com,1,0,2,4
thedailybanter.com,1,0,2,5
insidehighered.com,1,0,2,4
sites.agu.org,1,0,2,3
ozy.com,1,0,2,4
dailyworldupdate.us,0,1,0,3
tdn.com,1,0,2,3
skyandtelescope.com,1,0,2,3
frankmag.ca,0,1,0,3
ire.org,1,0,2,3
jsonline.com,1,0,2,4
cjnews.com,1,0,2,2
thedailybeast.com,1,0,2,5
carolinapublicpress.org,0,1,2,4
pulsegulfcoast.com,0,1,2,4
progressivearmy.com,0,1,2,5
democraticmoms.com,0,1,0,6
themoderatevoice.com,1,0,2,3
mnn.com,1,0,2,4
rockcitytimes.com,0,1,0,3
en.bbarta24.net,0,1,2,3
commonwealthfund.org,1,0,2,4
irena.org,1,0,2,3
irrawaddy.com,1,0,2,4
advocate.com,0,1,2,5
sacbee.com,1,0,2,4
theolympian.com,1,0,2,4
english.ahram.org.eg,1,0,2,3
biggovernment.news,0,1,1,1
mediafiledc.com,0,0,2,4
qpolitical.com,0,1,0,0
populardemocracy.org,1,0,2,4
cleveland.com-plaindealer,0,1,2,4
truthrevolt.org,0,0,0,0
bettergov.org,1,0,2,3
rsf.org-en,0,1,2,3
americanmilitarynews.com,1,0,1,1
wcfcourier.com,1,0,2,3
acculturated.com,1,0,2,1
freedomoutpost.com,1,0,0,0
theknifemedia.com,0,1,2,3
reviewjournal.com,1,0,2,2
wonkette.com,0,0,1,5
thegatewaypundit.com,1,0,0,0
doctorswithoutborders.org,1,0,2,3
fpri.org,0,1,2,2
bustle.com,1,0,2,4
belfercenter.org,1,0,2,3
madworldnews.com,1,0,0,0
conservativefiringline.com,1,0,0,0
crimeola.com,1,0,2,3
independent.ie,1,0,2,2
politicops.com,0,1,0,3
derfmagazine.com,1,0,0,3
currentaffairs.org,1,0,2,5
reuters.com,1,0,2,3
defiantamerica.com,1,0,0,0
rollcall.com,1,0,2,3
teddystick.com,0,0,0,0
postandcourier.com,1,0,2,3
good.is,1,0,2,5
sandiegofreepress.org,1,0,2,4
bdnews24.com,0,1,2,3
independent.com,1,0,2,4
therealnews.com-t2,0,1,2,4
cei.org,1,0,2,2
nationofchange.org,0,1,1,5
ricochet.com,0,0,1,1
citizen-times.com,1,0,2,4
waterfordwhispersnews.com,1,0,0,3
aim.org,1,0,1,1
upi.com,1,0,2,3
thevarsity.ca,0,1,2,4
iflscience.com,0,1,2,3
thetab.com,1,0,2,4
shadowproof.com,1,0,2,5
shareably.net,1,0,2,3
saudigazette.com.sa,1,0,2,4
opposingviews.com,1,0,2,4
armstrongeconomics.com,1,0,2,2
listverse.com,1,0,2,3
theaustralian.com.au,1,0,2,2
gaystarnews.com,1,0,2,4
meduza.io,1,0,2,5
engadget.com,1,0,2,4
oregonlive.com-#-0,0,1,2,2
washingtonpress.com,1,0,1,5
news.abs-cbn.com,0,0,2,3
deadstate.org,0,1,2,5
hangthebankers.com,0,1,0,0
thejournal.ie,1,0,2,3
nationalnewswatch.com,1,0,2,4
duhprogressive.com,0,1,0,3
dutchreview.com,0,1,1,4
realclearpolicy.com,1,0,2,2
healthline.com,1,0,2,3
watchdog.org,1,0,1,2
spectator.org,1,0,2,1
alaraby.co.uk,1,0,2,4
journalstar.com,1,0,2,3
this.org,1,0,2,5
ced.org,0,1,2,3
rfa.org-english,1,0,2,4
filmingcops.com,1,0,2,5
nymag.com,1,0,2,5
stonecoldtruth.com,0,0,0,0
spiked-online.com,1,0,1,1
meanlefthook.com,0,0,1,5
cgdev.org,1,0,2,3
macleans.ca,1,0,2,4
patch.com,0,1,2,3
dcwhispers.com,0,1,1,1
plymouthpatriotpost.com,0,1,0,0
extranewsfeed.com,0,1,1,5
dailycaller.com,1,0,1,1
bitchmedia.org,1,0,2,5
colddeadhands.us,0,1,1,1
wvgazettemail.com,1,0,2,4
campaignforliberty.org,1,0,1,2
remnantnewspaper.com,0,0,0,0
guardianlv.com,0,1,2,5
unclesamsmisguidedchildren.com,1,0,0,0
thewrap.com,1,0,1,3
yahoo.com-news-?ref=gs,0,1,1,4
qz.com,1,0,2,4
cnn.com,1,0,1,5
ageofshitlords.com,1,0,0,1
undergroundjournalist.org,0,1,0,6
viraltitle.com,0,1,1,5
adn.com,1,0,2,4
charlotteobserver.com,1,0,2,4
courant.com,1,0,2,4
nottnews.com,1,0,0,3
lifezette.com,1,0,1,1
restoreamericanglory.com,0,0,2,1
mises.org,0,0,1,2
newsy.com,0,0,2,4
hbr.org,1,0,2,3
circa.com,1,0,2,2
pantagraph.com,1,0,2,3
liberalmountain.com,0,0,2,4
jointcenter.org,1,0,2,4
journalnow.com,1,0,2,2
cityandstateny.com,1,0,2,3
teapartypatriots.org,1,0,2,1
splcenter.org,1,0,2,4
historynewsnetwork.org,1,0,2,4
defund.com,0,1,0,0
people.com-politics,0,1,2,5
oann.com,1,0,1,1
zcomm.org-zmag,0,1,2,5
theblacksphere.net,1,0,1,1
stocknewsusa.com,0,0,2,3
cctv-america.com,0,0,2,4
firstpost.com,1,0,2,5
hoover.org,1,0,1,2
learnliberty.org,1,0,2,2
militarytimes.com,1,0,2,2
freepress.net,1,0,2,4
ciponline.org,1,0,2,4
thenation.com,1,0,2,5
ifyouonlynews.com,1,0,0,6
thenews.com.pk,1,0,2,3
wikitribune.com,1,0,2,3
earthmagazine.org,1,0,2,3
news.trust.org,0,1,2,4
libertynation.com,1,0,2,1
eagletribune.com,1,0,2,3
russia-insider.com-en,1,0,1,2
alphanewsmn.com,1,0,1,1
nola.com-#-0,0,1,2,4
alhayat.com,0,1,2,4
roanoke.com,1,0,2,4
louderwithcrowder.com,1,0,1,1
investigaterussia.org,1,0,2,4
dallasvoice.com,0,0,2,5
theodysseyonline.com,0,1,1,4
chicagoreader.com,1,0,2,5
whowhatwhy.org,1,0,1,5
twincities.com,0,1,2,4
mtdemocrat.com,1,0,2,4
politico.com,1,0,2,4
knightstemplarinternational.com,1,0,0,0
chronicle.su,1,0,0,3
columbiadailyherald.com,1,0,2,2
americanlookout.com,0,1,0,0
jpost.com,1,0,2,3
investors.com,0,1,1,2
cnsnews.com,0,1,1,1
thetimesherald.com,1,0,2,2
tennessean.com,1,0,2,2
ipolitics.ca,1,0,2,4
thelasource.com-en,0,1,2,5
religionnews.com,1,0,2,4
buffalonews.com,0,1,2,4
archaeology.org,1,0,2,3
politicslive.net,0,1,0,0
marxist.com,1,0,2,5
interpretermag.com,1,0,2,4
unwatch.org,0,1,1,1
psmag.com,1,0,2,4
alliedprogress.org,1,0,2,4
debatepost.com,0,1,2,1
townhall.com,0,1,1,1
pjmedia.com,1,0,1,1
baptistnews.com,1,0,2,4
duffelblog.com,1,0,0,3
jewishpress.com,0,1,2,2
usadosenews.com,0,1,0,0
omaha.com,1,0,2,2
economictimes.indiatimes.com,0,1,2,4
riverbender.com,0,1,2,3
ndtv.com,1,0,2,4
kuow.org,1,0,2,4
lifehacker.com,0,1,2,4
mlive.com,0,1,2,3
nationalmemo.com,1,0,2,5
projectveritas.com,1,0,1,1
taxfoundation.org,1,0,2,2
govexec.com,1,0,2,3
truthorfiction.com,1,0,2,3
insidephilanthropy.com,1,0,2,4
thejakartapost.com,1,0,2,3
pbs.org-newshour,1,0,2,4
conservative101.com,0,0,0,0
allnewspipeline.com,1,0,0,0
washingtonexaminer.com,1,0,2,2
seattletimes.com,1,0,2,4
time.com,1,0,2,4
amgreatness.com,1,0,2,2
ibleedredwhiteblue.com,0,0,1,1
sonsoflibertymedia.com,0,1,0,0
cbsnews.com,1,0,2,4
afr.com,1,0,2,3
wearyourvoicemag.com,0,1,2,5
bbc.com-news,1,0,2,4
northjersey.com,0,1,2,4
chicago.suntimes.com,0,1,2,4
couriermail.com.au,1,0,2,2
thefrisky.com,1,0,2,5
globalnews.ca,1,0,2,4
americanprogress.org,1,0,2,5
nationalvanguard.org,0,1,0,0
theamericanconservative.com,1,0,2,2
eaglerising.com,0,1,0,0
erlc.com,1,0,1,1
defendevropa.org,1,0,0,0
yesmagazine.org,1,0,2,5
stimson.org,1,0,2,3
peacock-panache.com,0,1,2,5
host.madison.com-wsj,0,1,2,3
upr.org,1,0,2,4
uproxx.com,1,0,2,5
factcheck.org-scicheck,0,1,2,3
sputniknews.com,1,0,1,2
wn.com,0,1,2,3
modernliberals.com,0,1,1,5
washingtonbabylon.com,0,1,2,2
earthfirstjournal.org,1,0,1,5
earth.columbia.edu-sections-view-9,0,1,2,3
libertyheadlines.com,1,0,1,1
freetelegraph.com,1,0,0,1
dandygoat.com,1,0,0,3
conservapedia.com-Main_Page,1,0,0,0
ivn.us,1,0,2,3
strategic-culture.org,1,0,2,2
berkshireeagle.com,0,1,2,4
resourcegovernance.org,1,0,2,4
theamericanmirror.com,1,0,0,0
jacobinmag.com,0,1,2,5
ruthinstitute.org,1,0,0,0
proudemocrat.com,0,0,1,5
fmobserver.com,0,1,0,3
betootaadvocate.com,1,0,0,3
dailyrecord.co.uk,1,0,1,5
uft.org,1,0,2,4
nextgov.com,1,0,2,3
discovermagazine.com,1,0,2,3
talkingpointsmemo.com,1,0,2,5
birminghammail.co.uk,0,0,1,4
kfor.com,1,0,2,4
americanconsequences.com,0,1,1,1
windsorstar.com,1,0,2,4
sonorannews.com,1,0,1,1
mentalfloss.com,1,0,2,3
thefifthcolumnnews.com,0,1,1,4
informationliberation.com,1,0,0,0
commondreams.org,1,0,2,5
dcreport.org,1,0,2,4
autostraddle.com,1,0,2,5
jns.org,1,0,2,2
bgr.com,1,0,2,4
wgntv.com,1,0,2,4
bearingarms.com,1,0,1,1
americantruthseekers.com,0,0,0,0
themillenniumreport.com,0,0,0,0
politicususa.com,1,0,2,5
knoxreport.com,0,0,1,1
piie.com,1,0,2,3
huzlers.com,0,1,0,3
mediaequalizer.com,1,0,1,1
thecanary.co,0,1,2,5
westernjournalism.com,0,1,1,1
worldpolicy.org,1,0,2,4
axios.com,1,0,2,4
hotair.com,1,0,2,1
workers.org,0,1,1,5
globalintegrity.org,1,0,2,3
harddawn.com,1,0,0,3
fedsoc.org,1,0,1,1
politichicks.com,1,0,1,1
nextavenue.org,1,0,2,3
rappler.com,1,0,1,5
oppositionreport.com,1,0,0,6
ejinsight.com,1,0,2,3
factbox.tv,1,0,2,4
avoiceformen.com,0,1,0,0
christwire.org,1,0,0,3
futureinamerica.com-news,0,1,1,1
newcenturytimes.com,1,0,0,6
chaser.com.au,1,0,0,3
financialpost.com,0,1,2,2
sctimes.com,1,0,2,3
factmyth.com,0,0,2,4
simplepolitics.co.uk,1,0,2,3
libertyhangout.org,1,0,1,1
tulsaworld.com,1,0,2,2
newsday.com,1,0,2,4
psychologytoday.com,0,1,2,3
consortiumnews.com,1,0,2,3
usainfront.com,0,1,0,0
conservativehq.com,0,1,1,1
hoover.org-publications-policy-review,0,1,2,1
rinf.com,0,1,0,0
adl.org,1,0,2,4
conservativedailynews.com,0,1,1,1
capitalresearch.org,1,0,1,1
infogalactic.com,0,0,0,0
news.err.ee,1,0,2,3
opslens.com,1,0,1,1
vote.us.org,0,0,1,5
leftfootforward.org,1,0,2,5
geopoliticsalert.com,1,0,2,4
newsnow.co.uk,1,0,1,3
themarshallproject.org-#.qjbbuljBK,0,1,2,3
magapill.com,1,0,0,1
themilitant.com,0,1,2,5
latimes.com,1,0,2,4
indymedia.org-or-index.shtml,0,1,1,4
wikipedia.org,1,0,2,3
dailydot.com,1,0,2,5
readersupportednews.org,1,0,1,5
redstate.com,1,0,1,1
military.com,1,0,2,3
silive.com,1,0,2,4
bradford-delong.com,0,1,2,5
democratherald.com,1,0,2,3
feministcurrent.com,1,0,2,5
deccanherald.com,1,0,1,4
cowgernation.com,1,0,1,1
federaltimes.com,1,0,2,3
sunlightfoundation.com,1,0,2,3
hillarydaily.com,0,1,1,1
freemedia.at,0,1,2,3
beinglibertarian.com,1,0,2,1
frontpagemag.com,1,0,0,0
americanindependent.com,1,0,2,5
tabletmag.com,1,0,2,4
curvemag.com,1,0,2,5
helenair.com,1,0,2,3
ahtribune.com,0,1,1,4
nber.org,1,0,2,3
faithfamilyamerica.com,1,0,2,2
centerforinquiry.net,0,1,2,3
bjreview.com,1,0,2,4
tnonline.com,1,0,2,2
sciencedaily.com,1,0,2,3
elpasotimes.com,1,0,2,4
cnbc.com,1,0,2,4
algemeiner.com,1,0,2,2
calgaryherald.com,1,0,2,4
feministfrequency.com,0,1,2,4
viralliberty.com,0,0,0,0
dailysnark.com,1,0,0,3
eng.majalla.com,0,0,2,3
freedomhouse.org,1,0,2,2
newsblaze.com,1,0,0,0
votesmart.org,1,0,2,3
reporterslab.org,1,0,2,3
theintercept.com,1,0,2,4
evonomics.com,1,0,2,5
gbtimes.com,1,0,2,3
thenationalpatriot.com,0,0,0,0
torontosun.com,1,0,2,1
theunrealtimes.com,1,0,0,3
staresattheworld.com,0,1,0,0
youthradio.org,1,0,2,4
samefacts.com,0,1,2,5
bluetribune.com,0,1,0,6
canadians.org,1,0,2,4
heraldsun.com.au,0,1,2,2
notallowedto.com,0,1,0,3
worldpress.org,0,1,2,3
azdailysun.com,1,0,2,4
newbostonpost.com,1,0,1,1
thedcgazette.com,0,1,0,0
barenakedislam.com,1,0,0,0
twitchy.com,1,0,1,1
newyorker.com-humor-borowitz-report,1,0,0,3
lbc.co.uk,1,0,1,2
thenewamerican.com,0,1,1,1
scienceillustrated.com.au,1,0,2,3
rawstory.com,1,0,1,5
teapartytribune.com,1,0,2,1
freakoutnation.com,0,1,0,6
smithsonianmag.com,1,0,2,3
qctimes.com,1,0,2,3
statnews.com,1,0,2,3
unionleader.com,1,0,2,1
steadfastandloyal.com,0,0,0,0
theresurgent.com,0,1,1,1
france24.com-en,1,0,2,4
cnntimes.online,0,1,1,5
independentsentinel.com,1,0,2,1
100percentfedup.com,1,0,0,0
sofrep.com,0,0,2,2
cochrane.org,0,1,2,3
bullshido.net,1,0,2,3
thenewstribune.com,1,0,2,4
straitstimes.com-global,1,0,2,2
stltoday.com,1,0,2,4
tfp.org,0,1,0,0
lifenews.com,0,1,1,1
spiegel.de,1,0,2,4
greenvillegazette.com,0,0,2,5
sciencedirect.com,0,1,2,3
lewrockwell.com,1,0,0,0
thetrace.org,1,0,2,4
gazette.com,1,0,2,2
patheos.com,1,0,1,3
girlsjustwannahaveguns.com,0,1,0,0
newsandgutsmedia.com,0,0,2,4
observeronline.news,0,1,0,3
crfb.org,1,0,2,3
stpete4peace.org,0,1,2,5
feministing.com,1,0,2,5
unz.com,1,0,0,0
lfpress.com,1,0,2,2
globalvoices.org,1,0,2,5
dcstatesman.com,0,1,1,1
thedailyliberator.com,0,0,1,1
irinnews.org,1,0,2,4
sciencebasedmedicine.org,1,0,2,3
nationalreview.com,1,0,2,1
snopes.com,1,0,2,3
project-syndicate.org,1,0,2,3
theburningspear.com,1,0,2,5
pacificpundit.com,0,1,0,0
theredshtick.com,1,0,0,3
wallstreetonparade.com,0,1,2,4
politicaldig.com,1,0,1,5
memri.org,1,0,0,1
tvw.org,1,0,2,3
dailytarheel.com,1,0,2,4
lexingtoninstitute.org,1,0,2,2
kmov.com,0,1,2,4
nationaleconomicseditorial.com,1,0,0,0
middleeastmonitor.com,1,0,1,5
irishtimes.com,1,0,2,4
britannica.com,1,0,2,3
srnnews.com,1,0,2,2
dailytelegraph.com.au,1,0,1,1
astronomy.com,0,1,2,3
foreignaffairs.com,1,0,2,3
thesouthern.com,1,0,2,3
cis.org,0,1,0,0
washingtonblade.com,1,0,2,4
canadiandimension.com,1,0,2,5
schmedium.org,0,1,0,3
standard.net,1,0,2,3
change.org,1,0,2,5
democraticunderground.com,1,0,1,5
sciencenews.org,0,1,2,3
pastemagazine.com,1,0,2,5
texastribune.org,1,0,2,3
consnation.com,0,0,0,0
ctvnews.ca,1,0,2,4
thewire.in,1,0,2,4
realclearinvestigations.com,1,0,2,2
kansas.com,1,0,2,2
newser.com,1,0,2,4
rep-am.com,1,0,2,2
honestreporting.com,1,0,2,2
loveknowledge.org,0,0,1,5
democracynow.org,1,0,2,5
prospectmagazine.co.uk,1,0,2,4
thenational.ae,1,0,2,2
prwatch.org-cmd,0,1,2,5
winonadailynews.com,1,0,2,3
abovethelaw.com,1,0,2,4
us.blastingnews.com,0,1,1,4
factcheck.org,0,1,2,3
neweurope.eu,1,0,2,4
thediplomat.com,0,1,2,3
dailysurge.com,1,0,1,1
eastbaytimes.com,1,0,2,4
theday.com,1,0,2,3
mediacircus.com,0,1,1,1
defenseone.com,1,0,2,3
electronicintifada.net,1,0,2,5
usasupreme.com,0,1,0,0
thelibertyeagle.com,0,1,0,0
acsh.org,1,0,2,2
technologyreview.com,1,0,2,3
rt.com-news,0,1,1,2
dallasnews.com,1,0,2,2
scroll.in,1,0,2,4
brookings.edu,1,0,2,4
slate.com,1,0,2,5
westernjournalism.com-thepoint,0,1,1,1
conservativebase.com,0,1,1,1
desmoinesregister.com,1,0,2,2
stripes.com,1,0,2,3
theepochtimes.com,1,0,2,2
mondoweiss.net,1,0,2,5
newsbusters.org,0,1,1,1
thewashingtonreporter.com,0,1,0,0
revealnews.org,1,0,2,4
theoswatch.com,0,1,1,5
thesun.co.uk,1,0,1,1
antiwar.com,1,0,1,2
bostonherald.com,1,0,2,2
mynorthwest.com,1,0,2,2
missoulian.com,1,0,2,3
digg.com,1,0,2,4
fortune.com,1,0,2,2
cumberlink.com,1,0,2,3
mediazone.news,0,1,0,0
statesman.com,1,0,2,4
carnegieendowment.org,1,0,2,3
liberalexaminer.com,0,1,1,5
readingthepictures.org,1,0,2,5
corporatepresidency.org,0,1,2,4
imowired.com,0,1,0,0
richmond.com,1,0,2,2
telegraph.co.uk,1,0,2,2
alreporter.com,0,1,2,3
thestarphoenix.com,0,1,2,2
msnbc.com,1,0,1,5
mintpressnews.com,1,0,2,4
news.com.au,1,0,2,4
theshovel.com.au,0,1,0,3
thenewatlantis.com,1,0,2,2
bust.com,1,0,2,5
thehumanist.com,0,1,2,3
censored.news,0,1,0,0
miamiherald.com,1,0,2,4
frontiersin.org,0,1,1,3
outabouter.com,0,1,0,3
ifamericaknew.org,1,0,2,4
the-daily-news.co.uk,0,1,0,3
malaysia-today.net,0,1,1,3
drudgereport.com,0,1,1,1
insidesources.com,0,1,2,2
texasstandard.org,1,0,2,3
thenewtropic.com,0,1,2,4
thelocal.no,1,0,2,4
bigthink.com,0,0,2,3
nydailynews.com,1,0,1,4
scripps.ucsd.edu-news,0,1,2,3
lavendermagazine.com,1,0,2,5
thecitizenpress.com,0,1,1,1
freewoodpost.com,0,1,0,3
dispatch.com,0,1,2,2
truebluescoop.com,0,1,0,6
carepublican.com,0,1,2,1
fightforthefuture.org,0,1,2,4
heraldnet.com,1,0,2,4
drudge.com,1,0,1,5
bluedotdaily.com,1,0,1,5
legitgov.org,0,1,1,4
donaldtrumpnews.co,0,1,0,0
forward.com,1,0,2,4
redorbit.com,0,1,2,3
taipeitimes.com,1,0,2,3
liberalbias.com,0,1,0,3
abc.net.au,1,0,2,3
cbpp.org,1,0,2,4
aeon.co,0,1,2,4
ocweekly.com,1,0,2,4
rochdaleherald.co.uk,0,1,0,3
billingsgazette.com,0,1,2,2
dailyheadlines.net,0,1,0,0
redalertpolitics.com,0,1,1,1
hopkinsmedicine.org,0,1,2,3
phoenixnewtimes.com,1,0,2,4
citizensunited.org-index.aspx,0,1,1,1
nationalpost.com-index.html,0,1,2,2
idahostatesman.com,0,1,2,3
ourvoiceny.com,1,0,2,5
observer.com,1,0,2,1
thewashingtonstandard.com,0,1,0,0
splinternews.com,1,0,1,5
christianitytoday.com,1,0,2,2
bizstandardnews.com,0,1,0,3
empirenews.net,0,1,0,3
therantidote.com,1,0,1,1
politicalcritique.org,0,1,2,4
globegazette.com,0,1,2,3
washingtonmonthly.com,1,0,2,5
theautomaticearth.com,1,0,2,4
themilreview.com,1,0,2,1
arstechnica.com,0,1,2,3
iea.org,1,0,2,3
theblaze.com,1,0,1,1
atlanticcouncil.org,0,1,2,3
bannedinformation.com,0,1,0,0
weaselzippers.us,1,0,1,1
towleroad.com,1,0,1,5
ronpaulinstitute.org,1,0,1,1
theage.com.au,1,0,2,4
space.com,0,1,2,3
boingboing.net,1,0,2,5
ilovemyfreedom.org,0,1,0,0
crimethinc.com,1,0,2,5
constitutionproject.org,1,0,2,3
sayfiereview.com,1,0,2,3
investopedia.com,1,0,2,3
reductress.com,0,1,0,3
cfr.org,0,1,2,2
gomerblog.com,0,1,0,3
newshounds.us,1,0,1,5
nypost.com,1,0,1,2
indianexpress.com,1,0,2,3
skepticink.com,0,1,2,3
dissentmagazine.org,1,0,2,5
whatmattersnews.com,0,1,2,5
newyorker.com,1,0,2,5
hardnews.network,0,1,0,0
spectrumreport.com,0,1,1,3
airwars.org,1,0,2,3
gallup.com-home.aspx,1,0,2,3
sciencemag.org,0,1,2,3
americanthinker.com,1,0,1,1
cbc.ca,0,1,2,4
faithwire.com,1,0,1,1
amny.com,1,0,2,4
onenewsnow.com,1,0,1,1
thefederalistpapers.org,0,1,0,0
koco.com,1,0,2,4
eveningharold.com,0,1,0,3
ihypocrite.net,0,1,0,0
scotsman.com,1,0,2,3
democratichub.com,1,0,1,5
silenceisconsent.net,1,0,1,1
ammoland.com,1,0,2,1
thesciencepost.com,0,1,0,3
thedailymash.co.uk,0,1,0,3
scarymommy.com,0,1,2,5
russialies.com,0,1,2,3
treehugger.com,0,1,2,3
clashdaily.com,0,0,0,0
cnas.org,1,0,2,3
scoopnest.com,0,1,2,3
lompocrecord.com,0,1,2,3
opensecrets.org,1,0,2,3
usafirstinformation.com,0,0,0,0
patriotupdate.com,0,1,0,0
manhattan-institute.org,1,0,2,2
jewwatch.com,0,0,0,0
mashable.com,1,0,2,5
natmonitor.com,0,0,2,4
democracyguardian.com,0,1,1,5
ottawacitizen.com,1,0,2,2
miaminewtimes.com,1,0,2,5
sentinelksmo.org,0,0,1,1
vice.com,0,1,1,4
news.harvard.edu-gazette,0,1,2,3
themoscowtimes.com,1,0,2,4
thetruthaboutguns.com,1,0,2,1
worldaffairsjournal.org,1,0,2,4
govtrack.us,1,0,2,3
mackinac.org,1,0,2,2
news.sky.com,1,0,2,4
dailycurrant.com,0,1,0,3
pewresearch.org,1,0,2,3
hermancain.com,0,1,1,1
publicintegrity.org,1,0,2,3
al.com,1,0,2,2
climatefeedback.org,0,1,2,3
trofire.com,0,1,2,5
numbersusa.com,1,0,1,1
prri.org,1,0,2,3
timeline.com,0,1,2,4
sbsun.com,0,1,2,2
foreignpolicy.com,1,0,2,3
latintimes.com,1,0,2,4
allenwestrepublic.com,0,1,0,0
news.mongabay.com,0,1,2,4
rescue.org,1,0,2,3
fusion.kinja.com,0,1,1,4
aptnnews.ca,1,0,2,3
wsws.org,1,0,2,5
spin.com-death-and-taxes,1,0,2,5
aina.org,1,0,1,1
